"";"classe 1"
"detail";0
"art";0
"paint";0
"artstation";0
"light";0
"highly";0
"concept";0
"city";0
"greg";0
"digital";0
"rutkowski";0
"trend";0
"beautiful";0
"cinematic";0
"medieval";0
"render";0
"illustration";0
"high";0
"intricate";0
"fantasy";0
"octane";0
"sharp";0
"view";0
"focus";0
"color";0
"realistic";0
"street";0
"town";0
"matte";0
"engine";0
"unreal";0
"volumetric";0
"map";0
"style";0
"tower";0
"sky";0
"masterpiece";0
"mucha";0
"8k";0
"village";0
"artgerm";0
"alphonse";0
"mountain";0
"river";0
"hd";0
"ultra";0
"castle";0
"hyper";0
"atmosphere";0
"elegant";0
"cgsociety";0
"bridge";0
"smooth";0
"hyperdetailed";0
"landscape";0
"james";0
"oil";0
"night";0
"dramatic";0
"rain";0
"photorealistic";0
"contrast";0
"sunny";0
"gothic";0
"composition";0
"ancient";0
"background";0
"small";0
"full";0
"dark";0
"flower";0
"stone";0
"paris";0
"photo";0
"architecture";0
"epic";0
"building";0
"shoot";0
"wide";0
"angle";0
"vibrant";0
"smoke";0
"day";0
"4k";0
"thomas";0
"world";0
"water";0
"studio";0
"soft";0
"blue";0
"victorian";0
"tree";0
"person";0
"magical";0
"flood";0
"house";0
"gurney";0
"ghibli";0
"build";0
"win";0
"simonetti";0
"ornate";0
"marc";0
"inspire";0
"krenz";0
"forest";0
"cushart";0
"shadow";0
"red";0
"award";0
"vibe";0
"tall";0
"glass";0
"european";0
"center";0
"summer";0
"mist";0
"great";0
"wlop";0
"surround";0
"ray";0
"jean";0
"hyperrealistic";0
"bright";0
"amsterdam";0
"valley";0
"resolution";0
"lush";0
"demura";0
"artem";0
"magritte";0
"green";0
"chimney";0
"ice";0
"flag";0
"eternal";0
"eiffel";0
"anime";0
"white";0
"wet";0
"quality";0
"large";0
"colorful";0
"waterfall";0
"realism";0
"pristine";0
"cloud";0
"vivid";0
"spitzweg";0
"rene";0
"game";0
"carl";0
"simon";0
"scene";0
"roman";0
"mullins";0
"extremely";0
"craig";0
"aerial";0
"photography";0
"england";0
"empty";0
"sunset";0
"huge";0
"lake";0
"star";0
"stalenhag";0
"stain";0
"shinkai";0
"rossdraws";0
"europe";0
"yellow";0
"tattoo";0
"riabovitchev";0
"prague";0
"makoto";0
"french";0
"andrei";0
"neo";0
"garden";0
"design";0
"weather";0
"wall";0
"stand";0
"rome";0
"close";0
"artwork";0
"venice";0
"symmetry";0
"kinkade";0
"giant";0
"alp";0
"stanley";0
"ruin";0
"futuristic";0
"dynamic";0
"black";0
"road";0
"lau";0
"draw";0
"canal";0
"super";0
"rutkwowski";0
"photograph";0
"heavy";0
"hdr";0
"future";0
"berlin";0
"length";0
"fountain";0
"colour";0
"watercolor";0
"station";0
"long";0
"widescreen";0
"historic";0
"frank";0
"deviantart";0
"cobblestone";0
"cathedral";0
"trace";0
"syd";0
"skyscraper";0
"single";0
"late";0
"grind";0
"grim";0
"golden";0
"arch";0
"soldier";0
"serene";0
"rockwell";0
"resemble";0
"poor";0
"peter";0
"norman";0
"mead";0
"dawn";0
"3d";0
"warm";0
"nouveau";0
"kingdom";0
"distance";0
"ultrawide";0
"photorealism";0
"perfect";0
"marble";0
"jordan";0
"hopper";0
"scenery";0
"palace";0
"middle";0
"island";0
"image";0
"field";0
"edward";0
"crowd";0
"coherent";0
"canvas";0
"artist";0
"square";0
"mystical";0
"movie";0
"kuvshinov";0
"ilya";0
"god";0
"extreme";0
"dome";0
"cyberpunk";0
"church";0
"walk";0
"tom";0
"texture";0
"shop";0
"rozalski";0
"professional";0
"perspective";0
"low";0
"life";0
"lens";0
"land";0
"jakub";0
"clear";0
"triumph";0
"stun";0
"rembrandt";0
"lead";0
"konstantin";0
"john";0
"inside";0
"hell";0
"gustave";0
"grey";0
"godrays";0
"gilleard";0
"fly";0
"float";0
"fire";0
"eye";0
"death";0
"cover";0
"bagshaw";0
"atmospheric";0
"abandon";0
"yoshida";0
"van";0
"tone";0
"statue";0
"spire";0
"port";0
"panorama";0
"morning";0
"man";0
"hyperrealism";0
"hard";0
"german";0
"distant";0
"country";0
"border";0
"baroque";0
"surreal";0
"society";0
"run";0
"raphael";0
"ocean";0
"narrow";0
"minimalist";0
"london";0
"grand";0
"gaudí";0
"fractal";0
"fall";0
"environment";0
"cozy";0
"cityscape";0
"chiaroscuro";0
"capital";0
"boat";0
"bird";0
"antoni";0
"work";0
"union";0
"train";0
"temple";0
"steampunk";0
"spot";0
"side";0
"season";0
"ring";0
"peaceful";0
"hill";0
"destroy";0
"burn";0
"albert";0
"zurich";0
"year";0
"wooden";0
"war";0
"wallpaper";0
"switzerland";0
"swiss";0
"spring";0
"skull";0
"portrait";0
"nestle";0
"lee";0
"horror";0
"foreground";0
"film";0
"exquisite";0
"dusk";0
"dragon";0
"belgium";0
"animation";0
"amaze";0
"akihiko";0
"yoshitaka";0
"video";0
"ultradetailed";0
"top";0
"time";0
"sunlight";0
"simple";0
"russian";0
"renowned";0
"post";0
"planet";0
"painter";0
"moody";0
"monge";0
"lense";0
"julius";0
"illumination";0
"glow";0
"global";0
"fish";0
"fight";0
"empire";0
"disney";0
"cliff";0
"caesar";0
"antique";0
"amano";0
"winter";0
"wes";0
"third";0
"symmetrical";0
"strong";0
"stiavnica";0
"spain";0
"shape";0
"rhads";0
"renewel";0
"pixar";0
"neon";0
"neoclassical";0
"mohrbacher";0
"market";0
"londo";0
"loish";0
"line";0
"incredible";0
"flow";0
"figure";0
"dore";0
"depth";0
"breathtaking";0
"behance";0
"banska";0
"anor";0
"anderson";0
"winner";0
"tiny";0
"sprawl";0
"show";0
"sense";0
"sea";0
"scale";0
"rule";0
"pile";0
"mm";0
"lacoste";0
"king";0
"jim";0
"insanely";0
"ink";0
"good";0
"gaston";0
"desert";0
"cross";0
"century";0
"busy";0
"bussiere";0
"zombie";0
"window";0
"uhd";0
"sun";0
"screenshot";0
"ross";0
"print";0
"pixel";0
"ominous";0
"natural";0
"mumford";0
"moscow";0
"marketplace";0
"majestic";0
"lively";0
"level";0
"key";0
"ivan";0
"gorgeous";0
"friedrich";0
"festival";0
"dan";0
"cole";0
"big";0
"baptist";0
"villeneuve";0
"urban";0
"ufo";0
"tran";0
"sword";0
"seaside";0
"roof";0
"rob";0
"plant";0
"open";0
"moebius";0
"modern";0
"maya";0
"massive";0
"magic";0
"magali";0
"lois";0
"jesper";0
"jan";0
"italian";0
"illustrate";0
"gold";0
"germany";0
"gent";0
"entrance";0
"ejsing";0
"dust";0
"david";0
"colonial";0
"cinema";0
"body";0
"blur";0
"bierstadt";0
"beeple";0
"bavarian";0
"baarle";0
"autumn";0
"wind";0
"waterway";0
"social";0
"slow";0
"sing";0
"ruan";0
"ride";0
"region";0
"ralph";0
"quaint";0
"pixiv";0
"pennington";0
"paper";0
"otherworldly";0
"nice";0
"mcquarrie";0
"masculine";0
"magnificent";0
"jia";0
"harbor";0
"gloomy";0
"galata";0
"flat";0
"fallout";0
"earth";0
"dof";0
"countryside";0
"cottage";0
"cosmic";0
"caspar";0
"bruce";0
"beksinski";0
"battle";0
"apocalyptic";0
"alexander";0
"wideshot";0
"table";0
"stylize";0
"streetview";0
"stefan";0
"space";0
"soviet";0
"solter";0
"skyline";0
"sculpture";0
"sci";0
"process";0
"pranckevicius";0
"poster";0
"pokemon";0
"pencil";0
"organ";0
"official";0
"music";0
"lot";0
"lisbon";0
"jonathan";0
"ighting";0
"hour";0
"heartstone";0
"hardturm";0
"guard";0
"grossmünster";0
"gediminas";0
"fi";0
"fae";0
"daylight";0
"crystal";0
"clean";0
"chalet";0
"budapest";0
"bloom";0
"bloodborne";0
"barcelona";0
"alpine";0
"alan";0
"zdzis";0
"volkshalle";0
"vast";0
"ukrainian";0
"tooth";0
"throne";0
"symbol";0
"steve";0
"steam";0
"starry";0
"sheild";0
"sargent";0
"rural";0
"robert";0
"pipe";0
"peak";0
"pastel";0
"mediterranean";0
"mark";0
"lithuania";0
"lit";0
"lamp";0
"instrument";0
"human";0
"grid";0
"gouache";0
"front";0
"fog";0
"farm";0
"fanart";0
"entertwined";0
"drone";0
"dieselpunk";0
"curve";0
"communist";0
"choi";0
"bell";0
"back";0
"aw";0
"artistic";0
"army";0
"architectural";0
"archdaily";0
"accurate";0
"zabrocki";0
"wu";0
"wood";0
"woman";0
"vladimir";0
"vector";0
"tudor";0
"trident";0
"tolkien";0
"tile";0
"stålenhag";0
"stockholm";0
"snowfall";0
"scheme";0
"rust";0
"renaissance";0
"reflection";0
"point";0
"panoramic";0
"noon";0
"moon";0
"mccurry";0
"lord";0
"limmat";0
"legend";0
"knight";0
"kindkade";0
"kincade";0
"ivy";0
"isometric";0
"iron";0
"incrust";0
"imax";0
"igor";0
"howe";0
"honore";0
"hildebrandt";0
"heavenly";0
"half";0
"gate";0
"galic";0
"fragonard";0
"feature";0
"ernst";0
"end";0
"effect";0
"dungeon";0
"dream";0
"drape";0
"depict";0
"definition";0
"copper";0
"condition";0
"complexity";0
"civilization";0
"calm";0
"area";0
"american";0
"america";0
"air";0
"zbrush";0
"young";0
"yomamoto";0
"warren";0
"vintage";0
"timber";0
"theatrical";0
"ted";0
"takato";0
"sunrise";0
"storybook";0
"storm";0
"stoic";0
"shiny";0
"sand";0
"roset";0
"romanticism";0
"romantic";0
"robot";0
"regional";0
"psychedelic";0
"piranesi";0
"overlook";0
"noah";0
"necropolis";0
"nasmith";0
"mysterious";0
"morski";0
"model";0
"luminescent";0
"lovecraftian";0
"lightning";0
"levitan";0
"imaginative";0
"hubert";0
"gonsalves";0
"fortress";0
"foliage";0
"elevate";0
"elden";0
"dishonor";0
"direction";0
"delicate";0
"de";0
"conrad";0
"complex";0
"colosseum";0
"clock";0
"citadel";0
"cartoon";0
"canaletto";0
"cafe";0
"brussels";0
"bradley";0
"blunt";0
"archipelago";0
"aqueduct";0
"alien";0
"aivazovsky";0
"afterlife";0
"35mm";0
"zeus";0
"whitlock";0
"wave";0
"vray";0
"viktor";0
"ultrasharp";0
"treasure";0
"traditional";0
"toei";0
"tictac";0
"takeya";0
"takayuki";0
"sylvain";0
"stream";0
"strange";0
"stavanger";0
"siege";0
"shade";0
"settlement";0
"secret";0
"sculpt";0
"sarrailh";0
"royal";0
"rococo";0
"rock";0
"ratio";0
"range";0
"rainbow";0
"pumpkin";0
"pond";0
"political";0
"plain";0
"picture";0
"philippe";0
"patina";0
"path";0
"overgrow";0
"nighttime";0
"morrell";0
"mori";0
"michael";0
"metropolis";0
"memento";0
"max";0
"mardin";0
"main";0
"lovecraft";0
"lineart";0
"lantern";0
"intricately";0
"instagram";0
"imagery";0
"icon";0
"hunter";0
"hue";0
"houdini";0
"hold";0
"historical";0
"heart";0
"hand";0
"grec";0
"grass";0
"glory";0
"giger";0
"geography";0
"freeze";0
"foggy";0
"flare";0
"fantastical";0
"face";0
"eyck";0
"eifel";0
"edge";0
"druillet";0
"dreamlike";0
"deep";0
"darek";0
"crook";0
"crash";0
"courtyard";0
"computer";0
"colourful";0
"collapse";0
"cobble";0
"channel";0
"change";0
"caravaggio";0
"car";0
"brushstrokes";0
"brown";0
"brand";0
"beautifully";0
"balkan";0
"atmospherics";0
"atlantis";0
"age";0
"aesthetic";0
"zawadzki";0
"witcher";0
"witch";0
"watch";0
"vine";0
"villager";0
"vfx";0
"verehin";0
"university";0
"underground";0
"ting";0
"thick";0
"szene";0
"sunray";0
"study";0
"stroke";0
"steel";0
"state";0
"south";0
"solarpunk";0
"socialist";0
"sketch";0
"sit";0
"silver";0
"shine";0
"sewer";0
"school";0
"savrasov";0
"sagrada";0
"rubble";0
"rpg";0
"realist";0
"ramp";0
"rainy";0
"projection";0
"portra";0
"piece";0
"palm";0
"painterly";0
"pain";0
"olympus";0
"obsidian";0
"north";0
"nekro";0
"naïve";0
"national";0
"miyazaki";0
"maxim";0
"marco";0
"mapporn";0
"manga";0
"lviv";0
"lucian";0
"lose";0
"leyendecker";0
"lecouffe";0
"la";0
"konig";0
"kodak";0
"km";0
"johnson";0
"jar";0
"invade";0
"impossibly";0
"impose";0
"hybrid";0
"height";0
"hayao";0
"haunt";0
"greek";0
"graphic";0
"goya";0
"galaxy";0
"funny";0
"freud";0
"fascinate";0
"familia";0
"evil";0
"establish";0
"engrave";0
"elevator";0
"elaborate";0
"dock";0
"dnd";0
"display";0
"direct";0
"diffuse";0
"demon";0
"delbonnel";0
"deharme";0
"deform";0
"daytime";0
"darius";0
"crematorium";0
"corporate";0
"continent";0
"climate";0
"classic";0
"charles";0
"character";0
"capitol";0
"cabin";0
"bustle";0
"bruno";0
"brook";0
"british";0
"billboard";0
"beach";0
"bastien";0
"attack";0
"arri";0
"archway";0
"andreas";0
"alexa";0
"advertisement";0
"adventure";0
"advance";0
"18th";0
"17th";0
"workshop";0
"wonderful";0
"william";0
"watercolour";0
"warhammer";0
"unite";0
"tyler";0
"terrace";0
"tank";0
"sweden";0
"svg";0
"structure";0
"step";0
"statistic";0
"solidity";0
"ski";0
"site";0
"sinister";0
"singer";0
"silhouette";0
"sheet";0
"scenic";0
"roger";0
"rocha";0
"riverboat";0
"rise";0
"riot";0
"rim";0
"reflect";0
"realm";0
"quirky";0
"purple";0
"protect";0
"professionally";0
"pine";0
"picturesque";0
"period";0
"pc";0
"part";0
"parchment";0
"panteon";0
"paick";0
"overcast";0
"norwegian";0
"nicholas";0
"mute";0
"monster";0
"minimal";0
"mine";0
"michelangelo";0
"medium";0
"mattepainting";0
"madwick";0
"luxemburg";0
"lorenzo";0
"longshot";0
"lone";0
"logo";0
"lie";0
"layer";0
"lava";0
"lanfranconi";0
"kurdistan";0
"kremlin";0
"koidl";0
"kitezh";0
"italy";0
"istanbul";0
"ismail";0
"isaac";0
"intense";0
"include";0
"inceoglu";0
"hyperborea";0
"holiday";0
"hole";0
"hohenzollern";0
"hodas";0
"highlight";0
"hall";0
"group";0
"gridless";0
"greeble";0
"glorious";0
"giovanni";0
"georgian";0
"frog";0
"frame";0
"forget";0
"foot";0
"florence";0
"floor";0
"finnstark";0
"finely";0
"fine";0
"filip";0
"extraterrestrial";0
"extint";0
"explosion";0
"eternity";0
"enormous";0
"element";0
"effective";0
"eerie";0
"edlin";0
"eastern";0
"dry";0
"drink";0
"dolomite";0
"disc";0
"detach";0
"decimate";0
"debris";0
"czech";0
"cyclist";0
"cute";0
"cream";0
"cracow";0
"courbet";0
"contest";0
"construction";0
"confluence";0
"comic";0
"colossal";0
"coast";0
"cloudy";0
"clay";0
"cimbing";0
"celtic";0
"caribean";0
"brutalist";0
"brush";0
"blizzard";0
"beksi";0
"beautifull";0
"base";0
"balcony";0
"babylon";0
"aztec";0
"audubon";0
"ascend";0
"arthur";0
"armor";0
"approach";0
"apocalypse";0
"angel";0
"anato";0
"ambiance";0
"alsp";0
"alley";0
"afternoon";0
"4d";0
"zhu";0
"zelensky";0
"zaha";0
"worth1000";0
"worksite";0
"width";0
"wholesome";0
"whimsical";0
"whelan";0
"western";0
"weep";0
"wear";0
"wayne";0
"watsons";0
"waterhouse";0
"warsaw";0
"warn";0
"warcraft";0
"volatile";0
"visual";0
"visible";0
"victor";0
"vibrante";0
"vatican";0
"vasnev";0
"vasnetsov";0
"ussr";0
"ureal";0
"unify";0
"unforgiving";0
"ultrarrealistic";0
"ukranian";0
"ue5";0
"turn";0
"turini";0
"touch";0
"torch";0
"tilt";0
"teal";0
"tarot";0
"tardis";0
"tag";0
"tactic";0
"svetlin";0
"survivor";0
"surrealistic";0
"surrealism";0
"surprise";0
"strand";0
"staircase";0
"st";0
"splash";0
"spine";0
"spear";0
"somber";0
"skyrim";0
"situate";0
"simplistic";0
"sienkiewicz";0
"sid";0
"shoulder";0
"shock";0
"shishkin";0
"ship";0
"sewage";0
"seuss";0
"set";0
"sergey";0
"scary";0
"saturation";0
"sail";0
"ryan";0
"ruysch";0
"rubinkowski";0
"rtx";0
"roundabout";0
"rossier";0
"rosa";0
"rolex";0
"robinson";0
"rich";0
"retrofuture";0
"reichstag";0
"reconstruction";0
"reapper";0
"radiant";0
"rachel";0
"put";0
"pustoviyt";0
"puffy";0
"pub";0
"propaganda";0
"postprocessing";0
"portsmouth";0
"population";0
"polity";0
"poland";0
"poke";0
"pierre";0
"petroleum";0
"pastoral";0
"past";0
"pascal";0
"park";0
"palermo";0
"overhead";0
"otto";0
"omega";0
"oga";0
"odessa";0
"ocher";0
"oak";0
"notre";0
"norway";0
"northern";0
"noise";0
"nier";0
"neil";0
"nazi";0
"nature";0
"name";0
"nag";0
"musty";0
"motherboard";0
"moss";0
"moonlight";0
"mood";0
"monumentsl";0
"monastery";0
"mohrhauser";0
"mitchell";0
"miss";0
"miniature";0
"metal";0
"mercantile";0
"meier";0
"mech";0
"mattias";0
"marcin";0
"march";0
"malevolent";0
"mainz";0
"madgwick";0
"macmanus";0
"maciej";0
"machine";0
"lyria";0
"luxury";0
"lumen";0
"lisa";0
"lifelike";0
"liberty";0
"kuciara";0
"kazuo";0
"jurgens";0
"jurabaev";0
"jungle";0
"joy";0
"jewel";0
"jessica";0
"jeremy";0
"jama";0
"jag";0
"jacob";0
"international";0
"interest";0
"incredibly";0
"imperious";0
"ilsted";0
"illuminate";0
"humongous";0
"hospitable";0
"horizon";0
"holy";0
"hit";0
"history";0
"hiroshi";0
"hilly";0
"higer";0
"hide";0
"heur";0
"heem";0
"hazy";0
"havrylo";0
"hat";0
"harrison";0
"happy";0
"hans";0
"hampshire";0
"halle";0
"haeckel";0
"hadid";0
"habitable";0
"gustav";0
"grow";0
"grotesque";0
"grimdark";0
"greenery";0
"governmental";0
"gondola";0
"girod";0
"gigantic";0
"giancola";0
"giacomo";0
"ghost";0
"ghailan";0
"george";0
"genndy";0
"gdansk";0
"gabriele";0
"froud";0
"frederic";0
"france";0
"fort";0
"ford";0
"flash";0
"fishpond";0
"finnian";0
"finland";0
"figurine";0
"feng";0
"famine";0
"export";0
"even";0
"eu";0
"erase";0
"era";0
"equator";0
"enchant";0
"emma";0
"edwin";0
"eat";0
"early";0
"drapery";0
"dr";0
"doré";0
"donato";0
"dom";0
"district";0
"distort";0
"discover";0
"dimly";0
"dim";0
"devil";0
"desaturated";0
"deni";0
"delville";0
"dell";0
"decorate";0
"dean";0
"davidsz";0
"darrow";0
"daniel";0
"cumulonimbus";0
"crumble";0
"create";0
"count";0
"copenhagen";0
"cool";0
"concrete";0
"complimentary";0
"colums";0
"coastline";0
"coastal";0
"clown";0
"clothe";0
"circuit";0
"churn";0
"christmas";0
"child";0
"chain";0
"central";0
"catedral";0
"cat";0
"cast";0
"cartoony";0
"card";0
"cage";0
"bury";0
"burattini";0
"brian";0
"breitling";0
"bonheur";0
"bologna";0
"blood";0
"block";0
"blevins";0
"blender";0
"biomes";0
"bill";0
"bike";0
"bay";0
"battista";0
"ayan";0
"aux";0
"automata";0
"aublet";0
"atlas";0
"atey";0
"astrophotography";0
"ashford";0
"ariel";0
"antiquity";0
"animate";0
"andrew";0
"anarchy";0
"amstel";0
"allyway";0
"alienate";0
"alert";0
"aivazovski";0
"africa";0
"adrien";0
"a";0
"of";0
"by";0
"and";0
"the";0
"in";0
"on";0
"with";0
"k";0
"8";0
"from";0
"at";0
"very";0
"4";0
"an";0
"old";0
"to";0
"5";0
"0";0
"d";0
"for";0
"1";0
"2";0
"3";0
"is";0
"s";0
"over";0
"9";0
"under";0
"up";0
"make";0
"are";0
"no";0
"above";0
"6";0
"all";0
"during";0
"next";0
"looking";0
"through";0
"as";0
"one";0
"down";0
"7";0
"r";0
"near";0
"into";0
"still";0
"like";0
"after";0
"but";0
"behind";0
"many";0
"best";0
"new";0
"that";0
"out";0
"few";0
"being";0
"it";0
"or";0
"his";0
"each";0
"within";0
"where";0
"around";0
"alone";0
"this";0
"several";0
"its";0
"has";0
"other";0
"not";0
"more";0
"j";0
"along";0
"two";0
"than";0
"seen";0
"below";0
"any";0
"while";0
"way";0
"really";0
"outside";0
"looks";0
"little";0
"between";0
"65";0
"2050";0
"towards";0
"th";0
"so";0
"far";0
"f";0
"com";0
"your";0
"without";0
"whole";0
"v";0
"their";0
"somewhere";0
"some";0
"novel";0
"most";0
"m";0
"here";0
"her";0
"h";0
"gets";0
"every";0
"containing";0
"co";0
"about";0
"672";0
"1680";0
"*truc_0";0
